"","Site","mu","sigma"
"1","fish",10.16251655059,1.48315415712193
"2","sediment",9.06212502133398,0.918702183650197
"3","water",8.97125046668004,0.892074932202775
