"","Site","mu","sigma"
"1","fish",10.1633685999448,1.48202920115245
"2","sediment",9.06163875644132,0.918306384896185
"3","water",8.97045807366319,0.891804284577488
